{"cameraMode":{"drawMode":0,"name":"Shaded","section":"Shading Mode"},"sceneLighting":true,"audioPlay":false,"sceneViewState":{"m_AlwaysRefresh":false,"showFog":true,"showSkybox":true,"showFlares":true,"showImageEffects":true,"showParticleSystems":true,"showVisualEffectGraphs":true,"m_FxEnabled":true},"in2DMode":false,"pivot":{"x":0.5489073395729065,"y":0.04285641759634018,"z":5.976964950561523},"rotation":{"x":0.005754613783210516,"y":0.9937493205070496,"z":-0.09299639612436295,"w":0.06149246543645859},"size":0.35774627327919009,"orthographic":false}