{"cameraMode":{"drawMode":0,"name":"Shaded","section":"Shading Mode"},"sceneLighting":true,"audioPlay":false,"sceneViewState":{"m_AlwaysRefresh":false,"showFog":true,"showSkybox":true,"showFlares":true,"showImageEffects":true,"showParticleSystems":true,"showVisualEffectGraphs":true,"m_FxEnabled":true},"in2DMode":false,"pivot":{"x":0.8263497352600098,"y":0.9899426698684692,"z":-1.2541604042053223},"rotation":{"x":-0.07681450992822647,"y":0.8012998700141907,"z":-0.10541976988315582,"w":-0.583870530128479},"size":2.4057469367980959,"orthographic":false}